Дата,Час,Категорія,Картка,Опис операції,Сума у валюті картки,Валюта картки,Сума у валюті транзакції,Валюта транзакції,Залишок на кінець періоду,Валюта залишку
04.12.2018,18:47,Туризм,Картка Універсальна (****2297),"Послуги туризму та транспортних перевезень: PrivatQR, ID платежу 886558795",-2.5,грн,2.5,грн,762.17,грн
04.12.2018,18:34,Інше,Картка Універсальна (****2297),"Депозит через POS-терминал, ПЕРЕВОД СРЕДСТВ: Head Office",634,грн,634,грн,764.67,грн
04.12.2018,14:33,Інше,Картка Універсальна (****2297),"Продукти: Сильпо, Львiв, вул. Пiд Дубом, 7",-63.59,грн,63.59,грн,130.67,грн
04.12.2018,13:15,Інше,Картка Універсальна (****2297),Оплата в інтернет-магазині,-265,грн,265,грн,194.26,грн
04.12.2018,00:54,Розваги,Картка Універсальна (****2297),"Музика: ITUNES.COM/BILL, ITUNES.COM",-70.54,грн,2.49,дол,459.26,грн
03.12.2018,19:27,Інше,Картка Універсальна (****2297),Переказ з карти ПриватБанку через додаток Приват24. Відправник: Захарченко Ірина Русланівна. Коментар до платежу: вiд Iри за квиточки Львiв Киiв Львiв.,393,грн,393,грн,529.8,грн
03.12.2018,19:10,Туризм,Картка Універсальна (****2297),"Залізничні послуги: WWW.UZ.GOV.UA, KYIV",-1181.4,грн,1181.4,грн,136.8,грн
03.12.2018,19:01,Інше,Картка Універсальна (****2297),Переказ зі своєї карти 51**85 через додаток Приват24. Коментар до платежу: . Получатель: БАЦЕНКО ТЕТЯНА МАКСИМIВНА,1000,грн,1000,грн,1318.2,грн
03.12.2018,18:57,Продукти харчування,Картка Універсальна (****2297),"Продукти: FOP SAVARYN A.I., LVIV",-45.6,грн,45.6,грн,318.2,грн
03.12.2018,15:50,"Кафе, бари, ресторани",Картка Універсальна (****2297),"Ресторан: TRAPEZNA UCU, LVIV",-27.25,грн,27.25,грн,363.8,грн
02.12.2018,22:16,Інше,Картка Універсальна (****2297),Переказ з карти ПриватБанку через додаток Приват24. Відправник: Козак Олександр Андрійович. Коментар до платежу: . Получатель: БАЦЕНКО ТЕТЯНА МАКСИМIВНА,128,грн,128,грн,391.05,грн
02.12.2018,18:03,Інше,Картка Універсальна (****2297),"Продукти: Магазин продуктiв Близенько, Львiв, Угорская, 12",-88,грн,88,грн,263.05,грн
02.12.2018,00:22,Інше,Картка Універсальна (****2297),Предавторизація: UKLON.COM.UA,-110,грн,110,грн,351.05,грн
01.12.2018,21:21,Інше,Картка Універсальна (****2297),Предавторизація: Uber BV,-94.89,грн,94.36,грн,461.05,грн
01.12.2018,20:59,Інше,Картка Універсальна (****2297),Переказ зі своєї карти 51**85 через додаток Приват24. Коментар до платежу: . Получатель: БАЦЕНКО ТЕТЯНА МАКСИМIВНА,500,грн,500,грн,555.94,грн
01.12.2018,20:57,Інше,Картка Універсальна (****2297),"Продукти: Сильпо, Львiв, вул. Пiд Дубом, 7",-27.96,грн,27.96,грн,55.94,грн
01.12.2018,20:50,Інше,Картка Універсальна (****2297),Переказ з карти ПриватБанку через додаток Приват24. Відправник: Козак Олександр Андрійович. Коментар до платежу: . Получатель: БАЦЕНКО ТЕТЯНА МАКСИМIВНА,72,грн,72,грн,83.9,грн
01.12.2018,20:47,Перекази,Картка Універсальна (****2297),Переказ зі своєї карти,-105,грн,100,грн,11.9,грн
01.12.2018,19:56,Інше,Картка Універсальна (****2297),"Одяг: Одяг для всiєї сiм&apos;ї Дюна, Львiв, Кулиша, 20",-93,грн,93,грн,116.9,грн
01.12.2018,19:45,Продукти харчування,Картка Універсальна (****2297),"Продукти: MAGAZYN ROSHEN M44, M.LVIV",-28.42,грн,28.42,грн,209.9,грн
01.12.2018,19:22,Інше,Картка Універсальна (****2297),"Ресторан: Кафе, Львiв, вул. Братв Рогатинцв, 5",-155,грн,155,грн,238.32,грн
01.12.2018,19:08,Інше,Картка Універсальна (****2297),Переказ з карти ПриватБанку через додаток Приват24. Відправник: Козак Олександр Андрійович. Коментар до платежу: . Получатель: БАЦЕНКО ТЕТЯНА МАКСИМIВНА,75,грн,75,грн,393.32,грн
01.12.2018,19:07,Інше,Картка Універсальна (****2297),"Ресторан: Ресторан Салалат, Львiв, Кривая Липа, 7",-150,грн,150,грн,318.32,грн
01.12.2018,18:07,Інше,Картка Універсальна (****2297),"Предавторизация, ЛИМУЗИНЫ: KIEV",-45,грн,45,грн,468.32,грн
01.12.2018,18:07,Інше,Картка Універсальна (****2297),Переказ зі своєї карти 51**85 через додаток Приват24. Коментар до платежу: . Получатель: БАЦЕНКО ТЕТЯНА МАКСИМIВНА,500,грн,500,грн,513.32,грн
30.11.2018,20:26,Інше,Картка Універсальна (****2297),"Продукти: Магазин продуктiв Близенько, Львiв, Угорская, 12",-135,грн,135,грн,13.32,грн
30.11.2018,15:26,Перекази,Картка Універсальна (****2297),Переказ зі своєї карти,-105,грн,100,грн,148.32,грн
30.11.2018,15:22,Продукти харчування,Картка Універсальна (****2297),"Продукти: KINOMARKET PLANETA KIN, LVIV",-21,грн,21,грн,253.32,грн
30.11.2018,11:52,Інше,Картка Універсальна (****2297),"Продукти: Сильпо, Львiв, вул. Пiд Дубом, 7",-62.38,грн,62.38,грн,274.32,грн
29.11.2018,14:51,"Кафе, бари, ресторани",Картка Універсальна (****2297),"Ресторан: TRAPEZNA UCU, LVIV",-39.5,грн,39.5,грн,336.7,грн
29.11.2018,14:42,Інше,Картка Універсальна (****2297),#5168 **** **** 2297 БАЦЕНКО ТЕТЯНА МАКСИМ?ВНА{{DID=XX_SBPM_VBH8I1129ZIZZ1}} ПОПОЛНЕНИЕ КАРТОЧНОГО СЧЕТА.,9.99,грн,9.99,грн,376.2,грн
29.11.2018,08:59,Інше,Картка Універсальна (****2297),"Ресторан: Кафе Альтернативна Кава, Львiв, Коперника, 2",-25,грн,25,грн,366.21,грн
29.11.2018,08:48,Інше,Картка Універсальна (****2297),Переказ на свою карту 51**85 через додаток Приват24. Коментар до платежу: . Получатель: БАЦЕНКО ТЕТЯНА МАКСИМIВНА,-6.6,грн,6.6,грн,391.21,грн
28.11.2018,18:27,Інше,Картка Універсальна (****2297),Переказ на свою карту 51**85 через додаток Приват24. Коментар до платежу: . Получатель: БАЦЕНКО ТЕТЯНА МАКСИМIВНА,-2500,грн,2500,грн,397.81,грн
27.11.2018,18:42,Туризм,Картка Універсальна (****2297),"Послуги туризму та транспортних перевезень: PrivatQR, ID платежу 880165922",-2.5,грн,2.5,грн,2897.81,грн
27.11.2018,18:22,Туризм,Картка Універсальна (****2297),"Послуги туризму та транспортних перевезень: PrivatQR, ID платежу 880149716",-2.5,грн,2.5,грн,2900.31,грн
25.11.2018,18:17,Перекази,Картка Універсальна (****2297),Переказ зі своєї карти,-515,грн,510,грн,2902.81,грн
23.11.2018,18:38,Туризм,Картка Універсальна (****2297),"Послуги туризму та транспортних перевезень: PrivatQR, ID платежу 876948222",-2.5,грн,2.5,грн,3417.81,грн
22.11.2018,08:46,Туризм,Картка Універсальна (****2297),"Послуги туризму та транспортних перевезень: PrivatQR, ID платежу 875519838",-2.5,грн,2.5,грн,3420.31,грн
21.11.2018,11:00,Інше,Картка Універсальна (****2297),Переказ з карти ПриватБанку через додаток Приват24. Відправник: Козак Олександр Андрійович. Коментар до платежу: . Получатель: БАЦЕНКО ТЕТЯНА МАКСИМIВН,14,грн,14,грн,3422.81,грн
20.11.2018,17:11,Інше,Картка Універсальна (****2297),Переказ з карти ПриватБанку через додаток Приват24. Відправник: Халус Надія Василівна. Коментар до платежу: . Получатель: БАЦЕНКО ТЕТЬЯНА МАКСИМОВН,200,грн,200,грн,3408.81,грн
20.11.2018,15:05,Інше,Картка Універсальна (****2297),Переказ з карти ПриватБанку через додаток Приват24. Відправник: Бакусевич Тарас Омелянович. Коментар до платежу: . Получатель: БАЦЕНКО ТЕТЯНА МАКСИМIВН,200,грн,200,грн,3208.81,грн
20.11.2018,14:49,Перекази,Картка Універсальна (****2297),Переказ з картки ПриватБанку через Приват24. Відправник: Сивик Євген Степанович. Коментар до платежу:  Переказ на картку ПриватБанку. Пл-ник: Сивик Євген Степанович,200,грн,200,грн,3008.81,грн
20.11.2018,14:41,Інше,Картка Універсальна (****2297),Переказ з карти ПриватБанку через додаток Приват24. Відправник: Баранов Євгеній Сергійович. Коментар до платежу: . Получатель: БАЦЕНКО ТЕТЯНА МАКСИМIВН,200,грн,200,грн,2808.81,грн
20.11.2018,14:39,Перекази,Картка Універсальна (****2297),Переказ з картки ПриватБанку через Приват24. Відправник: Сивик Андрій Степанович. Коментар до платежу:  Переказ на картку ПриватБанку. Пл-ник: Сивик Андрiй Степанович,200,грн,200,грн,2608.81,грн
20.11.2018,14:39,Інше,Картка Універсальна (****2297),Переказ з карти ПриватБанку через додаток Приват24. Відправник: Трофименко Олександр Сергійович. Коментар до платежу: Вiталiку ДН.,200,грн,200,грн,2408.81,грн
20.11.2018,14:39,Інше,Картка Універсальна (****2297),Переказ з карти ПриватБанку через додаток Приват24. Відправник: Калінкіна Анастасія Олегівна. Коментар до платежу: . Получатель: БАЦЕНКО ТЕТЯНА МАКСИМIВН,200,грн,200,грн,2208.81,грн
20.11.2018,14:38,Перекази,Картка Універсальна (****2297),Переказ з картки ПриватБанку через Приват24. Відправник: Винницька Христина Андріївна. Коментар до платежу:  Переказ на картку ПриватБанку. Пл-ник: Винницька Христина Андрiївна,200,грн,200,грн,2008.81,грн
20.11.2018,14:38,Інше,Картка Універсальна (****2297),Переказ з карти ПриватБанку через додаток Приват24. Відправник: Стоун Тетяна Володимирівна. Коментар до платежу: . Получатель: БАЦЕНКО ТЕТЯНА МАКСИМIВН,200,грн,200,грн,1808.81,грн
19.11.2018,11:39,Перекази,Картка Універсальна (****2297),Переказ з карти ПриватБанку через додаток Приват24. Відправник: Козак Олександр Андрійович,14,грн,14,грн,1608.81,грн
18.11.2018,13:45,Перекази,Картка Універсальна (****2297),Переказ з карти ПриватБанку через додаток Приват24. Відправник: Мазуркевич Тарас Андрійович,50,грн,50,грн,1594.81,грн
18.11.2018,13:22,Перекази,Картка Універсальна (****2297),Переказ з карти ПриватБанку через додаток Приват24. Відправник: Мазуркевич Тарас Андрійович,244,грн,244,грн,1544.81,грн
15.11.2018,20:49,Туризм,Картка Універсальна (****2297),"Послуги туризму та транспортних перевезень: PrivatQR, ID платежу 870264285",-2.5,грн,2.5,грн,1300.81,грн
15.11.2018,10:47,Інше,Картка Універсальна (****2297),Зарахування переказу на карту Roman Batsenko,547.3,грн,547.3,грн,1303.31,грн
15.11.2018,09:31,Туризм,Картка Універсальна (****2297),"Послуги туризму та транспортних перевезень: PrivatQR, ID платежу 869646179",-2.5,грн,2.5,грн,756.01,грн
14.11.2018,10:20,Туризм,Картка Універсальна (****2297),"Послуги туризму та транспортних перевезень: PrivatQR, ID платежу 868846237",-7.5,грн,7.5,грн,758.51,грн
13.11.2018,12:06,Інше,Картка Універсальна (****2297),"Продукти: Магазин продуктiв Близенько, Львiв, Угорская, 12",-67.5,грн,67.5,грн,766.01,грн
13.11.2018,11:39,Перекази,Картка Універсальна (****2297),Переказ з карти ПриватБанку через додаток Приват24. Відправник: Козак Олександр Андрійович,28,грн,28,грн,833.51,грн
13.11.2018,11:29,Перекази,Картка Універсальна (****2297),Переказ з карти ПриватБанку через додаток Приват24. Відправник: Козак Олександр Андрійович,14,грн,14,грн,805.51,грн
13.11.2018,11:28,"Кафе, бари, ресторани",Картка Універсальна (****2297),"Ресторан: TRAPEZNA UCU, LVIV",-28,грн,28,грн,791.51,грн
13.11.2018,09:32,"Кафе, бари, ресторани",Картка Універсальна (****2297),"Ресторан: TRAPEZNA UCU, LVIV",-30,грн,30,грн,819.51,грн
12.11.2018,21:53,Туризм,Картка Універсальна (****2297),"Послуги туризму та транспортних перевезень: PrivatQR, ID платежу 867783534",-2.5,грн,2.5,грн,849.51,грн
12.11.2018,21:03,Перекази,Картка Універсальна (****2297),Переказ з карти ПриватБанку через додаток Приват24. Відправник: Мазуркевич Тарас Андрійович,183,грн,183,грн,852.01,грн
12.11.2018,19:56,Розваги,Картка Універсальна (****2297),"Подарунки/Іграшки: SHOP SUVENIRNYY KRAM, LVIV",-18,грн,18,грн,669.01,грн
12.11.2018,13:45,Інше,Картка Універсальна (****2297), ПОКУПКА ТОВАРА,-40,грн,40,грн,687.01,грн
12.11.2018,05:25,Перекази,Картка Універсальна (****2297),Переказ на карту ПриватБанку через додаток Приват24. Одержувач: Гайовий Євген Васильович,-110,грн,110,грн,727.01,грн
11.11.2018,21:23,"Кафе, бари, ресторани",Картка Універсальна (****2297),"Ресторан: KOELN AIRPORT IDA UND, KOELN",-126.6,грн,3.95,євро,837.01,грн
11.11.2018,19:28,Інше,Картка Універсальна (****2297),"Універмаг: CGN Heinem. Duty Free, Koeln",-32.05,грн,1,євро,963.61,грн
11.11.2018,16:24,Перекази,Картка Універсальна (****2297),Переказ з карти ПриватБанку через додаток Приват24. Відправник: Мазуркевич Тарас Андрійович,700,грн,700,грн,995.66,грн
11.11.2018,16:23,"Кафе, бари, ресторани",Картка Універсальна (****2297),"Ресторан: ANTIK BRAUHAUS, KOLN",-1153.85,грн,36,євро,295.66,грн
11.11.2018,13:55,Туризм,Картка Універсальна (****2297),"Залізничні послуги: DB Automaten, Koeln",-419.87,грн,13.1,євро,1449.51,грн
11.11.2018,01:29,Перекази,Картка Універсальна (****2297),Переказ з карти ПриватБанку через додаток Приват24. Відправник: Мазуркевич Тарас Андрійович,208,грн,208,грн,1869.38,грн
10.11.2018,23:47,Перекази,Картка Універсальна (****2297),Переказ з карти ПриватБанку через додаток Приват24. Відправник: Мазуркевич Тарас Андрійович,794,грн,794,грн,1661.38,грн
10.11.2018,22:09,Поповнення мобільного,Картка Універсальна (****2297),Поповнення мобільного +380661317830,-102,грн,102,грн,867.38,грн
10.11.2018,21:43,Поповнення мобільного,Картка Універсальна (****2297),Поповнення мобільного +380678452242,-102,грн,102,грн,969.38,грн
10.11.2018,20:35,Поповнення мобільного,Картка Універсальна (****2297),Поповнення мобільного +380661317830,-41,грн,41,грн,1071.38,грн
10.11.2018,19:52,Інше,Картка Універсальна (****2297),"Універмаг: Heinemann Duty Free, Frankfurt",-330.13,грн,10.3,євро,1112.38,грн
10.11.2018,19:00,Перекази,Картка Універсальна (****2297),Переказ з карти ПриватБанку через додаток Приват24. Відправник: Мазуркевич Тарас Андрійович,118,грн,118,грн,1442.51,грн
10.11.2018,17:43,"Кафе, бари, ресторани",Картка Універсальна (****2297),"Ресторан: CASUALFOOD PLAZA T2, FRANKFURT",-80.13,грн,2.5,євро,1324.51,грн
10.11.2018,17:31,"Кафе, бари, ресторани",Картка Універсальна (****2297),"Ресторан: McDonald's, Frankfurt",-146.79,грн,4.58,євро,1404.64,грн
10.11.2018,12:06,Розваги,Картка Універсальна (****2297),"Подарунки/Іграшки: LFP LISBOA TERMINAL 2, LISBOA",-778.85,грн,24.3,євро,1551.43,грн
10.11.2018,12:06,Перекази,Картка Універсальна (****2297),Переказ зі своєї карти 51**85 через додаток Приват24,2000,грн,2000,грн,2330.28,грн
09.11.2018,16:17,"Кафе, бари, ресторани",Картка Універсальна (****2297),"Ресторан: REST PRADO, LISBOA",-641.03,грн,20,євро,330.28,грн
09.11.2018,02:11,Інше,Картка Універсальна (****2297),Предавторизація: UBER TRIP DL6LU HELP.U,-202.26,грн,6.27,євро,971.31,грн
09.11.2018,01:57,Перекази,Картка Універсальна (****2297),Переказ зі своєї карти 51**85 через додаток Приват24,1000,грн,1000,грн,1173.57,грн
08.11.2018,21:34,Видача готівки,Картка Універсальна (****2297),"Зняття готівки в банкоматі: Rua dos Fanqueiros, Lisboa",-1574.82,грн,54.81,дол,173.57,грн
08.11.2018,14:50,Туризм,Картка Універсальна (****2297),"Готель: AIRBNB, 14158005959",-410.42,грн,14.57,дол,1748.39,грн
08.11.2018,13:10,Продукти харчування,Картка Універсальна (****2297),"Продукти: CONTINENTE, LISBOA",-288.71,грн,8.95,євро,2158.81,грн
07.11.2018,17:34,Перекази,Картка Універсальна (****2297),Переказ на свою карту 51**85 через додаток Приват24,-3000,грн,3000,грн,2447.52,грн
07.11.2018,17:31,Перекази,Картка Універсальна (****2297),Переказ з карти ПриватБанку через додаток Приват24. Відправник: Мазуркевич Тарас Андрійович,3150,грн,3150,грн,5447.52,грн
07.11.2018,17:11,Продукти харчування,Картка Універсальна (****2297),"Продукти: CONTINENTE, LISBOA",-51.13,грн,1.58,євро,2297.52,грн
07.11.2018,16:45,Поповнення мобільного,Картка Універсальна (****2297),Поповнення мобільного +380661317830,-164,грн,164,грн,2348.65,грн
07.11.2018,15:31,Перекази,Картка Універсальна (****2297),Зарахування переказу з картки ПриватБанку через додаток Приват24,85,грн,85,грн,2512.65,грн
07.11.2018,15:31,Перекази,Картка Універсальна (****2297),Переказ з карти ПриватБанку через додаток Приват24. Відправник: Мазуркевич Тарас Андрійович,385,грн,385,грн,2427.65,грн
06.11.2018,17:09,Здоров'я,Картка Універсальна (****2297),"Аптека: FARMACIA MOURA, LISBOA",-345.66,грн,10.75,євро,2042.65,грн
06.11.2018,15:22,"Кафе, бари, ресторани",Картка Універсальна (****2297),"Ресторан: PASTA CAFE, LISBOA",-511.25,грн,15.9,євро,2388.31,грн
05.11.2018,18:12,Видача готівки,Картка Універсальна (****2297),"Зняття готівки в банкоматі: Praca Martim Moniz 2, Lisboa",-2720.54,грн,82.95,євро,2899.56,грн
05.11.2018,16:42,Продукти харчування,Картка Універсальна (****2297),"Продукти: APH LX DUQUE DE AVIL, LISBOA",-142.77,грн,4.44,євро,5620.1,грн
05.11.2018,16:07,"Одяг, взуття",Картка Універсальна (****2297),"Одяг ZARA PORTUGAL, LISBOA",-737.94,грн,22.95,євро,5762.87,грн
05.11.2018,11:41,Перекази,Картка Універсальна (****2297),Переказ зі своєї карти 51**85 через додаток Приват24,5000,грн,5000,грн,6500.81,грн
05.11.2018,11:29,Інше,Картка Універсальна (****2297),"Телеком послуги: TAXER, ID платежу 861314198",-405,грн,405,грн,1500.81,грн
04.11.2018,22:30,"Кафе, бари, ресторани",Картка Універсальна (****2297),"Ресторан: CHURRASQUEIR MARQUES, LISBOA",-1679.61,грн,51.9,євро,1905.81,грн
04.11.2018,11:41,Інше,Картка Універсальна (****2297),"Таксі: mytaxi.com*24GX6L, taxi tour",-300.97,грн,9.3,євро,3585.42,грн
04.11.2018,04:10,"Кафе, бари, ресторани",Картка Універсальна (****2297),"Ресторан: 2620 Quickers Rolltrep, Frankfurt",-129.45,грн,4,євро,3886.39,грн
03.11.2018,23:58,Розваги,Картка Універсальна (****2297),"Музика: ITUNES.COM/BILL, ITUNES.COM",-70.34,грн,2.49,дол,4015.84,грн
03.11.2018,21:38,Туризм,Картка Універсальна (****2297),"Послуги туризму та транспортних перевезень: FFM Flughafen Regional, Frankfurt am",-537.22,грн,16.6,євро,4086.18,грн
03.11.2018,16:02,"Кафе, бари, ресторани",Картка Універсальна (****2297),"Ресторан: WOG Cafe MEDOVA, KYYIV",-30,грн,30,грн,4623.4,грн
03.11.2018,14:54,"Кафе, бари, ресторани",Картка Універсальна (****2297),"Ресторан: PEPENERO, KYIV",-245,грн,245,грн,4653.4,грн
03.11.2018,12:20,Перекази,Картка Універсальна (****2297),Переказ зі своєї карти,-105,грн,100,грн,4898.4,грн
03.11.2018,12:20,Перекази,Картка Універсальна (****2297),Переказ зі своєї карти,-105,грн,100,грн,5003.4,грн
03.11.2018,11:31,Перекази,Картка Універсальна (****2297),Переказ на карту ПриватБанку через додаток Приват24. Одержувач: Мазуркевич Тарас Андрійович,-8000,грн,8000,грн,5108.4,грн
03.11.2018,11:31,Перекази,Картка Універсальна (****2297),Переказ зі своєї карти 51**85 через додаток Приват24,8000,грн,8000,грн,13108.4,грн
03.11.2018,09:08,Туризм,Картка Універсальна (****2297),"Послуги туризму та транспортних перевезень: KYIVSKYI METROPOLITEN, KYIV",-8,грн,8,грн,5108.4,грн
03.11.2018,08:16,Перекази,Картка Універсальна (****2297),Переказ на карту ПриватБанку через додаток Приват24. Одержувач: Мазуркевич Тарас Андрійович,-175,грн,175,грн,5116.4,грн
02.11.2018,15:53,Інше,Картка Універсальна (****2297),Переказ на карту ПриватБанку через додаток Приват24. Одержувач: Гончарова Лілія Михайлівна. Коментар до платежу: страховка Таня.,-189,грн,189,грн,5291.4,грн
02.11.2018,14:11,Туризм,Картка Універсальна (****2297),"Послуги туризму та транспортних перевезень: KYIVSKYI METROPOLITEN, KYIV",-8,грн,8,грн,5480.4,грн
02.11.2018,14:06,Перекази,Картка Універсальна (****2297),Переказ з карти ПриватБанку через додаток Приват24. Відправник: Мазуркевич Тарас Андрійович,525,грн,525,грн,5488.4,грн
02.11.2018,13:41,Інше,Картка Універсальна (****2297),"Подарунки/Іграшки: EMOZZI, ID платежу 859167644",-1099,грн,1099,грн,4963.4,грн
02.11.2018,13:40,Перекази,Картка Універсальна (****2297),Переказ зі своєї карти 51**85 через додаток Приват24,5950,грн,5950,грн,6062.4,грн
02.11.2018,10:19,Туризм,Картка Універсальна (****2297),"Послуги туризму та транспортних перевезень: KYIVSKYI METROPOLITEN, KYIV",-8,грн,8,грн,112.4,грн
02.11.2018,00:26,"Кафе, бари, ресторани",Картка Універсальна (****2297),"Ресторан: BAR ITS NOT THE LOUVRE, KYIV",-404,грн,404,грн,120.4,грн
01.11.2018,17:47,Інше,Картка Універсальна (****2297),"Подарунки/Іграшки: Bodo, ID платежу 858502210",-1025,грн,1025,грн,524.4,грн
01.11.2018,17:46,Перекази,Картка Універсальна (****2297),Переказ зі своєї карти 51**85 через додаток Приват24,1200,грн,1200,грн,1549.4,грн
31.10.2018,11:10,Перекази,Картка Універсальна (****2297),Переказ на карту ПриватБанку через додаток Приват24. Одержувач: Мазуркевич Тарас Андрійович,-4850,грн,4850,грн,349.4,грн
31.10.2018,11:09,Перекази,Картка Універсальна (****2297),Переказ зі своєї карти 51**85 через додаток Приват24,4850,грн,4850,грн,5199.4,грн
30.10.2018,20:15,Туризм,Картка Універсальна (****2297),"Послуги туризму та транспортних перевезень: PrivatQR, ID платежу 856607008",-2.5,грн,2.5,грн,349.4,грн
30.10.2018,18:41,Продукти харчування,Картка Універсальна (****2297),"Продукти: LVIV CHOKOLATE WORKSHO, LVIV",-162,грн,162,грн,351.9,грн
30.10.2018,17:49,"Кафе, бари, ресторани",Картка Універсальна (****2297),"Ресторан: TRAPEZNA UCU, LVIV",-25.5,грн,25.5,грн,513.9,грн
30.10.2018,09:52,"Кафе, бари, ресторани",Картка Універсальна (****2297),"Ресторан: TRAPEZNA UCU, LVIV",-10.5,грн,10.5,грн,539.4,грн
29.10.2018,17:43,"Кафе, бари, ресторани",Картка Універсальна (****2297),"Ресторан: TRAPEZNA UCU, LVIV",-45,грн,45,грн,549.9,грн
29.10.2018,14:16,"Кафе, бари, ресторани",Картка Універсальна (****2297),"Ресторан: TRAPEZNA UCU, LVIV",-43.25,грн,43.25,грн,594.9,грн
29.10.2018,11:27,"Кафе, бари, ресторани",Картка Універсальна (****2297),"Ресторан: TRAPEZNA UCU, LVIV",-10.5,грн,10.5,грн,638.15,грн
28.10.2018,18:12,Інше,Картка Універсальна (****2297),"Продукти: Магазин продуктiв Близенько, Львiв, Угорская, 12",-18.65,грн,18.65,грн,648.65,грн
28.10.2018,18:11,Інше,Картка Універсальна (****2297),"Продукти: Магазин продуктiв Близенько, Львiв, Угорская, 12",-247.64,грн,247.64,грн,667.3,грн
27.10.2018,18:40,Туризм,Картка Універсальна (****2297),"Послуги туризму та транспортних перевезень: PrivatQR, ID платежу 854196353",-2.5,грн,2.5,грн,914.94,грн
27.10.2018,18:32,Інше,Картка Універсальна (****2297),"Аптека: Аптека ""Сiмейна Аптека"", Львiв, вул. Стрийська, 1",-117.9,грн,117.9,грн,917.44,грн
27.10.2018,18:31,Інше,Картка Універсальна (****2297),"Аптека: Аптека ""Сiмейна Аптека"", Львiв, вул. Стрийська, 1",-601.7,грн,601.7,грн,1035.34,грн
27.10.2018,18:30,Перекази,Картка Універсальна (****2297),Переказ зі своєї карти 51**85 через додаток Приват24,1000,грн,1000,грн,1637.04,грн
27.10.2018,18:23,Продукти харчування,Картка Універсальна (****2297),"Продукти: Магазин продуктiв Сирнi мандри, Львiв, Ивана Франко, 81",-54.33,грн,54.33,грн,637.04,грн
27.10.2018,18:01,Видача готівки,Картка Універсальна (****2297),"Зняття готівки в банкоматі: PID DUBOM STR., 7A, LVIV",-50.5,грн,50,грн,691.37,грн
27.10.2018,17:57,Інше,Картка Універсальна (****2297),"Продукти: СИЛЬПО, Львiв, вул. Пiд Дубом, 7",-58.65,грн,58.65,грн,741.87,грн
26.10.2018,15:06,Продукти харчування,Картка Універсальна (****2297),"Продукти: Blizenyko, LVOV",-29,грн,29,грн,800.52,грн
26.10.2018,13:55,"Кафе, бари, ресторани",Картка Універсальна (****2297),"Ресторан: TRAPEZNA UCU, LVIV",-26,грн,26,грн,829.52,грн
25.10.2018,22:35,Перекази,Картка Універсальна (****2297),Переказ з картки ПриватБанку через Приват24. Відправник: Засадний Олег Ростиславович. Коментар до платежу:  Переказ на картку ПриватБанку. Пл-ник: Засадний Олег Ростиславович,500,грн,500,грн,855.52,грн
25.10.2018,13:39,Продукти харчування,Картка Універсальна (****2297),"Продукти: Blizenyko, LVOV",-235.26,грн,235.26,грн,355.52,грн
25.10.2018,11:18,"Кафе, бари, ресторани",Картка Універсальна (****2297),"Ресторан: TRAPEZNA UCU, LVIV",-18,грн,18,грн,590.78,грн
24.10.2018,19:26,Продукти харчування,Картка Універсальна (****2297),"Продукти: Blizenyko, LVOV",-5.45,грн,5.45,грн,608.78,грн
24.10.2018,19:26,Продукти харчування,Картка Універсальна (****2297),"Продукти: Blizenyko, LVOV",-29,грн,29,грн,614.23,грн
24.10.2018,11:55,"Кафе, бари, ресторани",Картка Універсальна (****2297),"Ресторан: TRAPEZNA UCU, LVIV",-23,грн,23,грн,643.23,грн
24.10.2018,10:46,"Кафе, бари, ресторани",Картка Універсальна (****2297),"Ресторан: TRAPEZNA UCU, LVIV",-22.5,грн,22.5,грн,666.23,грн
23.10.2018,20:25,"Кафе, бари, ресторани",Картка Універсальна (****2297),"Ресторан: BAR PLANETA KINO, SOKILNYKY",-104,грн,104,грн,688.73,грн
23.10.2018,19:58,Продукти харчування,Картка Універсальна (****2297),"Продукти: Auchan 009, LVOV",-200.67,грн,200.67,грн,792.73,грн
23.10.2018,13:37,"Кафе, бари, ресторани",Картка Універсальна (****2297),"Ресторан: TRAPEZNA UCU, LVIV",-32.5,грн,32.5,грн,993.4,грн
23.10.2018,12:10,"Кафе, бари, ресторани",Картка Універсальна (****2297),"Ресторан: TRAPEZNA UCU, LVIV",-10.5,грн,10.5,грн,1025.9,грн
23.10.2018,10:04,Видача готівки,Картка Універсальна (****2297),"Зняття готівки в банкоматі: BRANCH 10013-0315, LVIV",-202,грн,200,грн,1036.4,грн
22.10.2018,19:01,Продукти харчування,Картка Універсальна (****2297),"Продукти: Blizenyko, LVOV",-18.5,грн,18.5,грн,1238.4,грн
22.10.2018,19:01,Продукти харчування,Картка Універсальна (****2297),"Продукти: Blizenyko, LVOV",-86,грн,86,грн,1256.9,грн
22.10.2018,18:35,"Кафе, бари, ресторани",Картка Універсальна (****2297),"Ресторан: TRAPEZNA UCU, LVIV",-10,грн,10,грн,1342.9,грн
22.10.2018,16:38,"Кафе, бари, ресторани",Картка Універсальна (****2297),"Ресторан: TRAPEZNA UCU, LVIV",-8.5,грн,8.5,грн,1352.9,грн
22.10.2018,15:07,Перекази,Картка Універсальна (****2297),Переказ з карти ПриватБанку через додаток Приват24. Відправник: Гірна Марія Святославівна,30.75,грн,30.75,грн,1361.4,грн
22.10.2018,15:05,"Кафе, бари, ресторани",Картка Універсальна (****2297),"Ресторан: TRAPEZNA UCU, LVIV",-72.75,грн,72.75,грн,1330.65,грн
22.10.2018,11:31,Інше,Картка Універсальна (****2297),Переказ на карту ПриватБанку через додаток Приват24. Одержувач: Хода Ганна Степанівна. Коментар до платежу: замовлення 58818 аромiсто оплата.,-184,грн,184,грн,1403.4,грн
21.10.2018,12:36,Продукти харчування,Картка Універсальна (****2297),"Продукти: Blizenyko, LVOV",-13,грн,13,грн,1587.4,грн
21.10.2018,12:34,Продукти харчування,Картка Універсальна (****2297),"Продукти: Blizenyko, LVOV",-280.95,грн,280.95,грн,1600.4,грн
21.10.2018,12:16,Видача готівки,Картка Універсальна (****2297),"Зняття готівки в банкоматі: BRANCH 10013-0315, LVIV",-202,грн,200,грн,1881.35,грн
20.10.2018,21:49,"Кафе, бари, ресторани",Картка Універсальна (****2297),"Ресторан: KREDENS CAFE LV-01, LVOV",-57,грн,57,грн,2083.35,грн
20.10.2018,19:32,"Кафе, бари, ресторани",Картка Універсальна (****2297),"Ресторан: KAFE HINKALYNYa, SOKOLNIKI",-134,грн,134,грн,2140.35,грн
20.10.2018,19:04,Розваги,Картка Універсальна (****2297),"Розваги: PLANETA KINO KING CROS, LVIV",-1,грн,1,грн,2274.35,грн
20.10.2018,19:03,Розваги,Картка Універсальна (****2297),"Розваги: PLANETA KINO KING CROS, LVIV",-1,грн,1,грн,2275.35,грн
19.10.2018,18:54,Інше,Картка Універсальна (****2297),Переказ з карти ПриватБанку через додаток Приват24. Відправник: Черненко Катерина Михайлівна. Коментар до платежу: Дякую).,50,грн,50,грн,2276.35,грн
19.10.2018,17:34,Перекази,Картка Універсальна (****2297),Переказ на карту ПриватБанку через додаток Приват24. Одержувач: Турій Борис Олегович,-50,грн,50,грн,2226.35,грн
19.10.2018,16:11,"Кафе, бари, ресторани",Картка Універсальна (****2297),"Ресторан: TRAPEZNA UCU, LVIV",-30,грн,30,грн,2276.35,грн
19.10.2018,11:46,"Кафе, бари, ресторани",Картка Універсальна (****2297),"Ресторан: TRAPEZNA UCU, LVIV",-29.5,грн,29.5,грн,2306.35,грн
19.10.2018,08:28,Туризм,Картка Універсальна (****2297),"Послуги туризму та транспортних перевезень: PrivatQR, ID платежу 846465460",-2.5,грн,2.5,грн,2335.85,грн
18.10.2018,19:30,Продукти харчування,Картка Універсальна (****2297),"Продукти: Blizenyko, LVOV",-213.95,грн,213.95,грн,2338.35,грн
18.10.2018,16:23,Продукти харчування,Картка Універсальна (****2297),"Продукти: Blizenyko, LVOV",-55.23,грн,55.23,грн,2552.3,грн
18.10.2018,16:22,Продукти харчування,Картка Універсальна (****2297),"Продукти: Blizenyko, LVOV",-40.76,грн,40.76,грн,2607.53,грн
18.10.2018,16:14,Здоров'я,Картка Універсальна (****2297),"Аптека: Apteka 37, LVOV",-133.25,грн,133.25,грн,2648.29,грн
18.10.2018,16:09,Здоров'я,Картка Універсальна (****2297),"Аптека: Apteka 37, LVOV",-331.43,грн,331.43,грн,2781.54,грн
17.10.2018,18:50,Продукти харчування,Картка Універсальна (****2297),"Продукти: Blizenyko, LVOV",-44.38,грн,44.38,грн,3112.97,грн
17.10.2018,18:50,Продукти харчування,Картка Універсальна (****2297),"Продукти: Blizenyko, LVOV",-141,грн,141,грн,3157.35,грн
17.10.2018,18:36,Видача готівки,Картка Універсальна (****2297),"Зняття готівки в банкоматі: BRANCH 10013-0315, LVIV",-202,грн,200,грн,3298.35,грн
17.10.2018,08:49,Поповнення мобільного,Картка Універсальна (****2297),Поповнення мобільного +380661317830,-77,грн,77,грн,3500.35,грн
16.10.2018,21:43,Туризм,Картка Універсальна (****2297),"Послуги туризму та транспортних перевезень: PrivatQR, ID платежу 844244247",-2.5,грн,2.5,грн,3577.35,грн
16.10.2018,21:34,"Кафе, бари, ресторани",Картка Універсальна (****2297),"Ресторан: McDonald's 027, LVIV",-39,грн,39,грн,3579.85,грн
16.10.2018,20:03,Туризм,Картка Універсальна (****2297),"Послуги туризму та транспортних перевезень: PrivatQR, ID платежу 844122606",-2.5,грн,2.5,грн,3618.85,грн
16.10.2018,16:10,Продукти харчування,Картка Універсальна (****2297),"Продукти: Blizenyko, LVOV",-82.69,грн,82.69,грн,3621.35,грн
16.10.2018,15:28,"Кафе, бари, ресторани",Картка Універсальна (****2297),"Ресторан: TRAPEZNA UCU, LVIV",-12,грн,12,грн,3704.04,грн
16.10.2018,14:57,"Кафе, бари, ресторани",Картка Універсальна (****2297),"Ресторан: TRAPEZNA UCU, LVIV",-29,грн,29,грн,3716.04,грн
16.10.2018,13:18,Видача готівки,Картка Універсальна (****2297),"Зняття готівки в банкоматі: KREDOBANK, LVIV",-353.5,грн,350,грн,3745.04,грн
16.10.2018,13:15,"Кафе, бари, ресторани",Картка Універсальна (****2297),"Ресторан: TRAPEZNA UCU, LVIV",-24,грн,24,грн,4098.54,грн
16.10.2018,11:44,"Кафе, бари, ресторани",Картка Універсальна (****2297),"Ресторан: TRAPEZNA UCU, LVIV",-17.75,грн,17.75,грн,4122.54,грн
16.10.2018,11:11,"Кафе, бари, ресторани",Картка Універсальна (****2297),"Ресторан: TRAPEZNA UCU, LVIV",-8.5,грн,8.5,грн,4140.29,грн
16.10.2018,10:45,Здоров'я,Картка Універсальна (****2297),"Аптека: Apteka 37, LVOV",-20.85,грн,20.85,грн,4148.79,грн
15.10.2018,19:15,Туризм,Картка Універсальна (****2297),"Послуги туризму та транспортних перевезень: PrivatQR, ID платежу 843029567",-5,грн,5,грн,4169.64,грн
15.10.2018,19:08,Інше,Картка Універсальна (****2297),Переказ на карту ПриватБанку через додаток Приват24. Одержувач: Головина Дар'я Сергіївна. Коментар до платежу: ??????.,-150,грн,150,грн,4174.64,грн
15.10.2018,16:17,Продукти харчування,Картка Універсальна (****2297),"Продукти: Silpo, LVOV",-201.78,грн,201.78,грн,4324.64,грн
15.10.2018,15:33,"Одяг, взуття",Картка Універсальна (****2297),"Одяг OODJI, LVIV",-359,грн,359,грн,4526.42,грн
15.10.2018,13:27,Перекази,Картка Універсальна (****2297),Переказ на свою карту 51**85 через додаток Приват24,-28000,грн,28000,грн,4885.42,грн
14.10.2018,21:59,Продукти харчування,Картка Універсальна (****2297),"Продукти: Blizenyko, LVOV",-7.33,грн,7.33,грн,32885.42,грн
14.10.2018,21:58,Продукти харчування,Картка Універсальна (****2297),"Продукти: Blizenyko, LVOV",-69.28,грн,69.28,грн,32892.75,грн
14.10.2018,21:43,"Кафе, бари, ресторани",Картка Універсальна (****2297),"Ресторан: VAPIANO, LVIV",-214,грн,214,грн,32962.03,грн
14.10.2018,14:36,"Кафе, бари, ресторани",Картка Універсальна (****2297),"Ресторан: TRAPEZNA UCU, LVIV",-10.5,грн,10.5,грн,33176.03,грн
14.10.2018,13:24,"Кафе, бари, ресторани",Картка Універсальна (****2297),"Ресторан: TRAPEZNA UCU, LVIV",-8.5,грн,8.5,грн,33186.53,грн
13.10.2018,11:39,Перекази,Картка Універсальна (****2297),Переказ з карти ПриватБанку через додаток Приват24. Відправник: Засадний Олег Ростиславович,1210,грн,1210,грн,33195.03,грн
13.10.2018,10:06,Перекази,Картка Універсальна (****2297),Переказ зі своєї карти,-505,грн,500,грн,31985.03,грн
13.10.2018,09:43,Перекази,Картка Універсальна (****2297),Переказ зі своєї карти,-105,грн,100,грн,32490.03,грн
13.10.2018,09:01,Продукти харчування,Картка Універсальна (****2297),"Продукти: Auchan 009, LVOV",-947.52,грн,947.52,грн,32595.03,грн
13.10.2018,09:01,Продукти харчування,Картка Універсальна (****2297),"Продукти: Auchan 009, LVOV",-6.97,грн,6.97,грн,33542.55,грн
13.10.2018,08:44,"Кафе, бари, ресторани",Картка Універсальна (****2297),"Ресторан: KREDENS CAFE LV-01, LVOV",-30,грн,30,грн,33549.52,грн
12.10.2018,21:33,Інше,Картка Універсальна (****2297),Предавторизація: Uber BV,-142.54,грн,141.49,грн,33579.52,грн
12.10.2018,19:35,"Одяг, взуття",Картка Універсальна (****2297),"Одяг SINSAY King Cross, SOKOLNIKI",-299,грн,299,грн,33722.06,грн
12.10.2018,12:59,Інше,Картка Універсальна (****2297),Предавторизація: Uber BV,-161.8,грн,161.41,грн,34021.06,грн
12.10.2018,08:19,Інше,Картка Універсальна (****2297),Таксі UBER,-72.11,грн,71.76,грн,34182.86,грн
12.10.2018,02:18,Інше,Картка Універсальна (****2297),Таксі UBER,-71.27,грн,70.85,грн,34254.97,грн
11.10.2018,20:10,Перекази,Картка Універсальна (****2297),Переказ з карти ПриватБанку через додаток Приват24. Відправник: Мазуркевич Тарас Андрійович,31113,грн,31113,грн,34326.24,грн
11.10.2018,16:27,"Кафе, бари, ресторани",Картка Універсальна (****2297),"Ресторан: KREDENS CAFE LV-01, LVOV",-55,грн,55,грн,3213.24,грн
11.10.2018,11:16,Перекази,Картка Універсальна (****2297),Переказ з карти ПриватБанку через додаток Приват24. Відправник: Гірна Марія Святославівна,452,грн,452,грн,3268.24,грн
11.10.2018,11:15,Продукти харчування,Картка Універсальна (****2297),"Продукти: Auchan 009, LVOV",-16.5,грн,16.5,грн,2816.24,грн
11.10.2018,10:14,Перекази,Картка Універсальна (****2297),Переказ з карти ПриватБанку через додаток Приват24. Відправник: Засадний Олег Ростиславович,1830,грн,1830,грн,2832.74,грн
11.10.2018,08:16,Туризм,Картка Універсальна (****2297),"Послуги туризму та транспортних перевезень: PrivatQR, ID платежу 838781743",-2.5,грн,2.5,грн,1002.74,грн
10.10.2018,20:33,Перекази,Картка Універсальна (****2297),Переказ з карти ПриватБанку через додаток Приват24. Відправник: Гірна Марія Святославівна,190,грн,190,грн,1005.24,грн
10.10.2018,19:09,Перекази,Картка Універсальна (****2297),Переказ на карту ПриватБанку через додаток Приват24. Одержувач: Гірна Марія Святославівна,-2010,грн,2000,грн,815.24,грн
10.10.2018,19:04,Перекази,Картка Універсальна (****2297),Переказ з карти ПриватБанку через додаток Приват24. Відправник: Мазуркевич Тарас Андрійович,2000,грн,2000,грн,2825.24,грн
10.10.2018,17:27,Інше,Картка Універсальна (****2297),"Кур'єрські та поштові послуги: Магазин ПНФП 14040, Львiв, Литвиненка, 8''''",-8415,грн,8415,грн,825.24,грн
10.10.2018,17:08,Перекази,Картка Універсальна (****2297),Переказ зі своєї карти 51**85 через додаток Приват24,1000,грн,1000,грн,9240.24,грн
10.10.2018,09:37,Здоров'я,Картка Універсальна (****2297),"Аптека: A 322, LVIV",-49.61,грн,49.61,грн,8240.24,грн
10.10.2018,09:35,Здоров'я,Картка Універсальна (****2297),"Аптека: Biomed, LVOV",-142.86,грн,142.86,грн,8289.85,грн
10.10.2018,08:57,Здоров'я,Картка Універсальна (****2297),"Медицина: SV PARASKEVY MED TSENT, LVIV",-182,грн,182,грн,8432.71,грн
10.10.2018,08:45,Туризм,Картка Універсальна (****2297),"Послуги туризму та транспортних перевезень: PrivatQR, ID платежу 837747561",-2.5,грн,2.5,грн,8614.71,грн
09.10.2018,21:23,Перекази,Картка Універсальна (****2297),Переказ зі своєї карти 51**85 через додаток Приват24,1500,грн,1500,грн,8617.21,грн
09.10.2018,21:22,Перекази,Картка Універсальна (****2297),Переказ на карту ПриватБанку через додаток Приват24. Одержувач: Мазуркевич Тарас Андрійович,-522,грн,522,грн,7117.21,грн
09.10.2018,18:02,Здоров'я,Картка Універсальна (****2297),"Медицина: ST. PARASKEVA MED. CEN, LVIV",-1703,грн,1703,грн,7639.21,грн
09.10.2018,14:41,Інше,Картка Універсальна (****2297),"Меблі: JYSK LVIV Sakharova st, LVIV",-250,грн,250,грн,9342.21,грн
09.10.2018,11:14,Інше,Картка Універсальна (****2297),Переказ з карти ПриватБанку через додаток Приват24. Відправник: Засадний Олег Ростиславович. Коментар до платежу: Yonatan.,8415,грн,8415,грн,9592.21,грн
09.10.2018,09:05,Перекази,Картка Універсальна (****2297),Переказ з карти ПриватБанку через додаток Приват24. Відправник: Мазуркевич Тарас Андрійович,84,грн,84,грн,1177.21,грн
06.10.2018,19:26,Перекази,Картка Універсальна (****2297),Переказ з карти ПриватБанку через додаток Приват24. Відправник: Козак Олександр Андрійович,88,грн,88,грн,1093.21,грн
06.10.2018,01:06,Інше,Картка Універсальна (****2297),Предавторизація: Uber BV,-121.75,грн,121.28,грн,1005.21,грн
05.10.2018,09:05,Інше,Картка Універсальна (****2297),#5168 **** **** 2297 БАЦЕНКО ТЕТЯНА МАКСИМ?ВНА ПОПОЛНЕНИЕ КАРТОЧНОГО СЧЕТА.,100,грн,100,грн,1126.96,грн
03.10.2018,20:07,Інше,Картка Універсальна (****2297),"Переказ з карти ПриватБанку через додаток Приват24. Відправник: Захарченко Ірина Русланівна. Коментар до платежу: вiд Iри, за вечерю.",120,грн,120,грн,1026.96,грн
03.10.2018,19:19,Перекази,Картка Універсальна (****2297),Переказ з картки ПриватБанку через Приват24. Відправник: Забульський Володимир Васильович. Коментар до платежу:  Переказ на картку ПриватБанку. Пл-ник: Забульський Володимир Васильович,20,грн,20,грн,906.96,грн
02.10.2018,22:34,Перекази,Картка Універсальна (****2297),Переказ на карту ПриватБанку через додаток Приват24. Одержувач: Мазуркевич Тарас Андрійович,-4850,грн,4850,грн,886.96,грн
02.10.2018,22:33,Перекази,Картка Універсальна (****2297),Переказ зі своєї карти 51**85 через додаток Приват24,2000,грн,2000,грн,5736.96,грн
02.10.2018,20:52,Перекази,Картка Універсальна (****2297),Переказ з карти ПриватБанку через додаток Приват24. Відправник: Засадний Олег Ростиславович,2252,грн,2252,грн,3736.96,грн
02.10.2018,20:17,Перекази,Картка Універсальна (****2297),Переказ зі своєї карти 51**85 через додаток Приват24,500,грн,500,грн,1484.96,грн
02.10.2018,17:13,"Кафе, бари, ресторани",Картка Універсальна (****2297),"Ресторан: TRAPEZNA UCU, LVIV",-28,грн,28,грн,984.96,грн
02.10.2018,15:21,"Кафе, бари, ресторани",Картка Універсальна (****2297),"Ресторан: TRAPEZNA UCU, LVIV",-21,грн,21,грн,1012.96,грн
01.10.2018,14:59,"Кафе, бари, ресторани",Картка Універсальна (****2297),"Ресторан: TRAPEZNA UCU, LVIV",-10.5,грн,10.5,грн,1033.96,грн
01.10.2018,12:29,Перекази,Картка Універсальна (****2297),Переказ на карту ПриватБанку через додаток Приват24. Одержувач: Засадний Олег Ростиславович,-4377,грн,4377,грн,1044.46,грн
01.10.2018,12:28,Перекази,Картка Універсальна (****2297),Переказ зі своєї карти 51**85 через додаток Приват24,5000,грн,5000,грн,5421.46,грн